Tampa, NULL, 334 Fastballer St,79,22222, 2018-03-20, 0B6B739D-8EB6-4378-8D55-FE196AF34C3F, 0xE6100000010C61C64D8ABBD94740C460EA3FD8855EC0
Tampa, NULL, 334 Fastballer St,79,22222, 2018-03-20, 0B6B739D-8EB6-4378-8D55-FE196AF34C3F, 0xE6100000010C61C64D8ABBD94740C460EA3FD8855EC0
Tampa, NULL, 334 Fastballer St,79,22222, 2018-03-20, 0B6B739D-8EB6-4378-8D55-FE196AF34C3F, 0xE6100000010C61C64D8ABBD94740C460EA3FD8855EC0
Tampa, NULL, 334 Fastballer St,79,22222, 2018-03-20, 0B6B739D-8EB6-4378-8D55-FE196AF34C3F, 0xE6100000010C61C64D8ABBD94740C460EA3FD8855EC0
Tampa, NULL, 334 Fastballer St,79,22222, 2018-03-20, 0B6B739D-8EB6-4378-8D55-FE196AF34C3F, 0xE6100000010C61C64D8ABBD94740C460EA3FD8855EC0
Tampa, NULL, 334 Fastballer St,79,22222, 2018-03-20, 0B6B739D-8EB6-4378-8D55-FE196AF34C3F, 0xE6100000010C61C64D8ABBD94740C460EA3FD8855EC0
Tampa, NULL, 334 Fastballer St,79,22222, 2018-03-20, 0B6B739D-8EB6-4378-8D55-FE196AF34C3F, 0xE6100000010C61C64D8ABBD94740C460EA3FD8855EC0
Tampa, NULL, 334 Fastballer St,79,22222, 2018-03-20, 0B6B739D-8EB6-4378-8D55-FE196AF34C3F, 0xE6100000010C61C64D8ABBD94740C460EA3FD8855EC0
Tampa, NULL, 334 Fastballer St,79,22222, 2018-03-20, 0B6B739D-8EB6-4378-8D55-FE196AF34C3F, 0xE6100000010C61C64D8ABBD94740C460EA3FD8855EC0
Tampa, NULL, 334 Fastballer St,79,22222, 2018-03-20, 0B6B739D-8EB6-4378-8D55-FE196AF34C3F, 0xE6100000010C61C64D8ABBD94740C460EA3FD8855EC0
Tampa, NULL, 334 Fastballer St,79,22222, 2018-03-20, 0B6B739D-8EB6-4378-8D55-FE196AF34C3F, 0xE6100000010C61C64D8ABBD94740C460EA3FD8855EC0
Tampa, NULL, 334 Fastballer St,79,22222, 2018-03-20, 0B6B739D-8EB6-4378-8D55-FE196AF34C3F, 0xE6100000010C61C64D8ABBD94740C460EA3FD8855EC0
Tampa, NULL, 334 Fastballer St,79,22222, 2018-03-20, 0B6B739D-8EB6-4378-8D55-FE196AF34C3F, 0xE6100000010C61C64D8ABBD94740C460EA3FD8855EC0
Tampa, NULL, 334 Fastballer St,79,22222, 2018-03-20, 0B6B739D-8EB6-4378-8D55-FE196AF34C3F, 0xE6100000010C61C64D8ABBD94740C460EA3FD8855EC0
Tampa, NULL, 334 Fastballer St,79,22222, 2018-03-20, 0B6B739D-8EB6-4378-8D55-FE196AF34C3F, 0xE6100000010C61C64D8ABBD94740C460EA3FD8855EC0
Tampa, NULL, 334 Fastballer St,79,22222, 2018-03-20, 0B6B739D-8EB6-4378-8D55-FE196AF34C3F, 0xE6100000010C61C64D8ABBD94740C460EA3FD8855EC0
Tampa, NULL, 334 Fastballer St,79,22222, 2018-03-20, 0B6B739D-8EB6-4378-8D55-FE196AF34C3F, 0xE6100000010C61C64D8ABBD94740C460EA3FD8855EC0
Tampa, NULL, 334 Fastballer St,79,22222, 2018-03-20, 0B6B739D-8EB6-4378-8D55-FE196AF34C3F, 0xE6100000010C61C64D8ABBD94740C460EA3FD8855EC0
